"Name","Threshold","FlagCorrection","N_outlier_max","FilterOrder","Forgetting","Regularization","accuracy","f1_score","recall","rmse_pred","rmse_saved","mae_pred","mae_saved"
"swift-sweep-5","2","true","1","2","0.5","1","0.940625","0.558139534883721","0.972972972972973","203.38601258077856","194.6512582679925","51.01628611022071","32.166539340083496"
"scarlet-sweep-617","2","false","1","3","0.99","1","0.940625","0.558139534883721","0.972972972972973","152.71878704824312","150.6486050973798","38.92616959267651","35.81615529900194"
"kind-sweep-221","2","false","1","2","0.98","1","0.940625","0.558139534883721","0.972972972972973","150.954634566536","148.83640640676413","37.88260099272622","34.09738343441765"
"glowing-sweep-477","2","true","1","3","0.999","10","0.940625","0.558139534883721","0.972972972972973","138.64283521940408","136.31473561752455","31.08162593413713","26.42004740510109"
"olive-sweep-865","2","true","1","4","1","0.1","0.940625","0.558139534883721","0.972972972972973","138.4848442195192","136.1739797641502","30.59722507750076","26.40485616482506"
"graceful-sweep-1045","2","false","1","4","1","0.1","0.940625","0.558139534883721","0.972972972972973","154.654879021199","152.61211998705264","40.55533197331811","37.51873664218736"
"copper-sweep-657","2","false","1","3","0.999","10","0.940625","0.558139534883721","0.972972972972973","154.3147066839618","152.26930360261107","40.12747338770295","37.22218562154792"
"vivid-sweep-581","2","false","1","3","0.98","1","0.940625","0.558139534883721","0.972972972972973","151.07069944591592","148.9543461573155","38.06446140632194","34.22954057441328"
"atomic-sweep-401","2","true","1","3","0.98","1","0.940625","0.558139534883721","0.972972972972973","141.6979701969753","139.25796978987017","33.13374281475631","27.081069147549428"
"fiery-sweep-1049","2","false","1","4","1","1","0.940625","0.558139534883721","0.972972972972973","154.6548923936709","152.61213315302186","40.5553485929748","37.51874722842211"
"pleasant-sweep-653","2","false","1","3","0.999","1","0.940625","0.558139534883721","0.972972972972973","154.3145920548339","152.26919098861595","40.127322734062304","37.22209501407959"
"dandy-sweep-937","2","false","1","4","0.98","0.1","0.940625","0.558139534883721","0.972972972972973","151.2782107179431","149.16583785418712","38.323760993105786","34.46729941988215"
"lilac-sweep-905","2","false","1","4","0.5","1","0.940625","0.558139534883721","0.972972972972973","267.68896793348597","263.32970874557344","84.02500357233494","65.60395413343022"
"giddy-sweep-765","2","true","1","4","0.98","10","0.940625","0.558139534883721","0.972972972972973","141.63436235034513","139.2581228993211","32.620697690687415","27.061328920100944"
"leafy-sweep-145","2","true","1","2","1","0.1","0.940625","0.558139534883721","0.972972972972973","138.54762693892337","136.18013166323703","31.75201939356005","26.418978283796225"
"comfy-sweep-977","2","false","1","4","0.99","1","0.940625","0.558139534883721","0.972972972972973","152.931606504594","150.86420604283353","39.19910647074565","36.05462680766065"
"fast-sweep-621","2","false","1","3","0.99","10","0.940625","0.558139534883721","0.972972972972973","152.7188793613346","150.6486958936374","38.92630572533506","35.81624226812403"
"good-sweep-45","2","true","1","2","0.98","10","0.940625","0.558139534883721","0.972972972972973","142.18452501226878","139.46628693382516","34.561845754007585","27.12787120517356"
"polar-sweep-1","2","true","1","2","0.5","0.1","0.940625","0.558139534883721","0.972972972972973","203.38601991833835","194.6512643350594","51.01628680478731","32.16653953763033"
"super-sweep-729","2","true","1","4","0.5","10","0.940625","0.558139534883721","0.972972972972973","186.83535439523456","179.30221841453832","49.35931891978717","31.56158379472802"
"frosty-sweep-253","2","false","1","2","0.99","0.1","0.940625","0.558139534883721","0.972972972972973","152.6009838711222","150.53075884978878","38.71414802039836","35.67693401770969"
"rare-sweep-113","2","true","1","2","0.999","1","0.940625","0.558139534883721","0.972972972972973","138.62482560056793","136.237550029801","32.07042787905209","26.438279740552993"
"sparkling-sweep-433","2","true","1","3","0.99","0.1","0.940625","0.558139534883721","0.972972972972973","139.8938914597818","137.5258495540306","31.941164647658027","26.655648242126837"
"fast-sweep-77","2","true","1","2","0.99","1","0.940625","0.558139534883721","0.972972972972973","140.04159938374647","137.49460387374438","33.37976314147183","26.67080367657721"
"feasible-sweep-37","2","true","1","2","0.98","0.1","0.940625","0.558139534883721","0.972972972972973","142.1847209282378","139.46646265362233","34.56189620178241","27.12789504801891"
"vague-sweep-189","2","false","1","2","0.5","10","0.940625","0.558139534883721","0.972972972972973","344.15119510031803","339.5262767388335","101.95326441989292","80.40354877060521"
"glorious-sweep-649","2","false","1","3","0.999","0.1","0.940625","0.558139534883721","0.972972972972973","154.31458059648168","152.26917973160045","40.127307674545705","37.222085956796946"
"lively-sweep-981","2","false","1","4","0.99","10","0.940625","0.558139534883721","0.972972972972973","152.9317150551149","150.8643131246215","39.199264835944824","36.054728862981705"
"crisp-sweep-149","2","true","1","2","1","1","0.940625","0.558139534883721","0.972972972972973","138.54761208924657","136.18011608077063","31.75202513857229","26.418978108060745"
"distinctive-sweep-365","2","true","1","3","0.5","1","0.940625","0.558139534883721","0.972972972972973","191.43485173741055","183.4653255239778","49.66098766828553","31.44090164722692"
"still-sweep-761","2","true","1","4","0.98","1","0.940625","0.558139534883721","0.972972972972973","141.63460414880393","139.25835984677346","32.62071966563223","27.061355147543946"
"major-sweep-109","2","true","1","2","0.999","0.1","0.940625","0.558139534883721","0.972972972972973","138.62484045860825","136.23756549528304","32.07042256463343","26.438279898406584"
"atomic-sweep-941","2","false","1","4","0.98","1","0.940625","0.558139534883721","0.972972972972973","151.27821893498384","149.16584595596404","38.32377170524757","34.46730774742907"
"lilac-sweep-585","2","false","1","3","0.98","10","0.940625","0.558139534883721","0.972972972972973","151.07076665748954","148.95441213869472","38.06455109100996","34.2296115649652"
"cerulean-sweep-181","2","false","1","2","0.5","0.1","0.940625","0.558139534883721","0.972972972972973","344.15125748453386","339.5263317395497","101.95328538379032","80.40355918728817"
"apricot-sweep-153","2","true","1","2","1","10","0.940625","0.558139534883721","0.972972972972973","138.547463635656","136.1799602985214","31.75208257504495","26.418976351119102"
"sunny-sweep-829","2","true","1","4","0.999","0.1","0.940625","0.558139534883721","0.972972972972973","138.56914941653997","136.25743776120726","30.67331670914012","26.420526405555197"
"zany-sweep-549","2","false","1","3","0.5","10","0.940625","0.558139534883721","0.972972972972973","308.27712834801775","303.9077974701054","93.5633952539331","73.71272544888507"
"pretty-sweep-793","2","true","1","4","0.99","0.1","0.940625","0.558139534883721","0.972972972972973","139.84695771240533","137.52447708206043","31.36434783892121","26.665668036641893"
"sage-sweep-909","2","false","1","4","0.5","10","0.940625","0.558139534883721","0.972972972972973","267.68890011277495","263.32965959460313","84.02497407092402","65.60394312973008"
"dauntless-sweep-873","2","true","1","4","1","10","0.940625","0.558139534883721","0.972972972972973","138.48459805256726","136.17372198441672","30.5973323485276","26.404858409748137"
"trim-sweep-473","2","true","1","3","0.999","1","0.940625","0.558139534883721","0.972972972972973","138.6430428989321","136.314952522504","31.081544645337544","26.42004575363672"
"devoted-sweep-81","2","true","1","2","0.99","10","0.940625","0.558139534883721","0.972972972972973","140.0414384976097","137.49444956155082","33.3797358414562","26.670784503428163"
"winter-sweep-945","2","false","1","4","0.98","10","0.940625","0.558139534883721","0.972972972972973","151.27830110665104","149.1659269740731","38.32387882598229","34.46739102230394"
"firm-sweep-901","2","false","1","4","0.5","0.1","0.940625","0.558139534883721","0.972972972972973","267.6889747000421","263.3297136494173","84.02500651572132","65.60395523128066"
"visionary-sweep-293","2","false","1","2","0.999","1","0.940625","0.558139534883721","0.972972972972973","154.22508402723508","152.18121904491204","39.91795523004566","37.138795391332955"
"leafy-sweep-469","2","true","1","3","0.999","0.1","0.940625","0.558139534883721","0.972972972972973","138.6430636594555","136.3149742049122","31.081536519650307","26.42004558854785"
"effortless-sweep-41","2","true","1","2","0.98","1","0.940625","0.558139534883721","0.972972972972973","142.18470311717786","139.46644667881816","34.561891615533334","27.127892880465783"
"deft-sweep-613","2","false","1","3","0.99","0.1","0.940625","0.558139534883721","0.972972972972973","152.71877781256794","150.64859601336798","38.92615597276449","35.81614659781822"
"curious-sweep-437","2","true","1","3","0.99","1","0.940625","0.558139534883721","0.972972972972973","139.89387003731068","137.52582801486966","31.941164181901204","26.655648474469913"
"dry-sweep-1053","2","false","1","4","1","10","0.940625","0.558139534883721","0.972972972972973","154.6550260855671","152.61226477938894","40.55551474716886","37.51885306321991"
"rich-sweep-513","2","true","1","3","1","10","0.940625","0.558139534883721","0.972972972972973","138.56568532421903","136.24272936370414","30.935333276383368","26.40580738618517"
"lively-sweep-225","2","false","1","2","0.98","10","0.940625","0.558139534883721","0.972972972972973","150.95468390144774","148.8364539168806","37.882675695684824","34.09742823419685"
"upbeat-sweep-261","2","false","1","2","0.99","10","0.940625","0.558139534883721","0.972972972972973","152.60106220121654","150.53083491825083","38.714263900257656","35.67699653156797"
"swept-sweep-441","2","true","1","3","0.99","10","0.940625","0.558139534883721","0.972972972972973","139.89365592268308","137.52561273095512","31.94115952690439","26.65565079664087"
"fluent-sweep-217","2","false","1","2","0.98","0.1","0.940625","0.558139534883721","0.972972972972973","150.95462963313688","148.83640165576253","37.88259352240842","34.09737895440162"
"scarlet-sweep-73","2","true","1","2","0.99","0.1","0.940625","0.558139534883721","0.972972972972973","140.0416154806985","137.494619312719","33.3797658728955","26.67080559484266"
"proud-sweep-721","2","true","1","4","0.5","0.1","0.940625","0.558139534883721","0.972972972972973","186.83545579634205","179.30229196277702","49.35934116029398","31.56159127476165"
"helpful-sweep-297","2","false","1","2","0.999","10","0.940625","0.558139534883721","0.972972972972973","154.2251779401683","152.18131047300645","39.91808976341188","37.13886126699414"
"polar-sweep-689","2","false","1","3","1","1","0.940625","0.558139534883721","0.972972972972973","154.4777964030016","152.43348122423933","40.34345663186183","37.35092411079768"
"crimson-sweep-289","2","false","1","2","0.999","0.1","0.940625","0.558139534883721","0.972972972972973","154.22507463969902","152.18120990567294","39.91794178196392","37.13878880629171"
"likely-sweep-757","2","true","1","4","0.98","0.1","0.940625","0.558139534883721","0.972972972972973","141.63462832931884","139.25838354189528","32.62072186319023","27.061357770311407"
"still-sweep-369","2","true","1","3","0.5","10","0.940625","0.558139534883721","0.972972972972973","191.4347839806957","183.46526754113273","49.660982154760035","31.44089798306259"
"eternal-sweep-505","2","true","1","3","1","0.1","0.940625","0.558139534883721","0.972972972972973","138.5659137300641","136.24296874547983","30.935218343290178","26.40580597840208"
"magic-sweep-833","2","true","1","4","0.999","1","0.940625","0.558139534883721","0.972972972972973","138.5691270138489","136.2574143667136","30.673325837570733","26.42052653863932"
"treasured-sweep-685","2","false","1","3","1","0.1","0.940625","0.558139534883721","0.972972972972973","154.4777846290473","152.4334696592236","40.343441275755154","37.35091492863227"
"vague-sweep-1009","2","false","1","4","0.999","0.1","0.940625","0.558139534883721","0.972972972972973","154.49658942525073","152.45282371311063","40.35210942116919","37.396812009510874"
"distinctive-sweep-693","2","false","1","3","1","10","0.940625","0.558139534883721","0.972972972972973","154.47791411368053","152.43359684507456","40.343610153857256","37.35101590853736"
"upbeat-sweep-545","2","false","1","3","0.5","1","0.940625","0.558139534883721","0.972972972972973","308.27719446124917","303.90785046653576","93.56342338495716","73.7127362252345"
"resilient-sweep-869","2","true","1","4","1","1","0.940625","0.558139534883721","0.972972972972973","138.48482183495307","136.17395632390983","30.59723483163468","26.40485636896167"
"expert-sweep-577","2","false","1","3","0.98","0.1","0.940625","0.558139534883721","0.972972972972973","151.07069272486797","148.9543395591981","38.06445243779685","34.2295334753022"
"hearty-sweep-397","2","true","1","3","0.98","0.1","0.940625","0.558139534883721","0.972972972972973","141.69799241340166","139.25799132112914","33.133746483515026","27.081071620147434"
"dauntless-sweep-185","2","false","1","2","0.5","1","0.940625","0.558139534883721","0.972972972972973","344.15125182503607","339.5263267498899","101.95328348194782","80.40355824228784"
"grateful-sweep-801","2","true","1","4","0.99","10","0.940625","0.558139534883721","0.972972972972973","139.8467020199088","137.52421831692277","31.364386203131613","26.66566884872977"
"vital-sweep-837","2","true","1","4","0.999","10","0.940625","0.558139534883721","0.972972972972973","138.56890290618907","136.25718033413185","30.67341715764146","26.420527869906195"
"dainty-sweep-117","2","true","1","2","0.999","10","0.940625","0.558139534883721","0.972972972972973","138.62467696781155","136.23739531763903","32.07048104481623","26.438278161370175"
"swept-sweep-797","2","true","1","4","0.99","1","0.940625","0.558139534883721","0.972972972972973","139.84693445681862","137.52445354729093","31.36435132808899","26.66566811051481"
"magic-sweep-325","2","false","1","2","1","0.1","0.940625","0.558139534883721","0.972972972972973","154.39079591275762","152.34814664791355","40.13904263420011","37.27292058447137"
"fragrant-sweep-329","2","false","1","2","1","1","0.940625","0.558139534883721","0.972972972972973","154.39080566031603","152.34815613974973","40.139056658752246","37.27292734745619"
"sunny-sweep-1017","2","false","1","4","0.999","10","0.940625","0.558139534883721","0.972972972972973","154.49673330595286","152.45296540237484","40.35228756130073","37.39692734621816"
"dashing-sweep-333","2","false","1","2","1","10","0.940625","0.558139534883721","0.972972972972973","154.39090311222293","152.34825103417492","40.13919686896625","37.27299495976854"
"soft-sweep-361","2","true","1","3","0.5","0.1","0.940625","0.558139534883721","0.972972972972973","191.4348584975915","183.46533130899888","49.6609882183768","31.440902012805427"
"morning-sweep-725","2","true","1","4","0.5","1","0.940625","0.558139534883721","0.972972972972973","186.83544659721792","179.30228529047858","49.35933914263427","31.56159059617284"
"lucky-sweep-541","2","false","1","3","0.5","0.1","0.940625","0.558139534883721","0.972972972972973","308.2772010574478","303.9078557540456","93.56342619161882","73.71273730040201"
"elated-sweep-405","2","true","1","3","0.98","10","0.940625","0.558139534883721","0.972972972972973","141.69774803928553","139.2577544809783","33.13370612788988","27.081044421824227"
"radiant-sweep-257","2","false","1","2","0.99","1","0.940625","0.558139534883721","0.972972972972973","152.60099099508787","150.5307657681392","38.714158559582515","35.67693970332543"
"devoted-sweep-9","2","true","1","2","0.5","10","0.940625","0.558139534883721","0.972972972972973","203.3859390369871","194.65119745820195","51.016279148632265","32.16653736008918"
"tough-sweep-973","2","false","1","4","0.99","0.1","0.940625","0.558139534883721","0.972972972972973","152.9315956444044","150.86419532949137","39.19909062649055","36.05461659712176"
"swift-sweep-509","2","true","1","3","1","1","0.940625","0.558139534883721","0.972972972972973","138.56589296051044","136.24294697815893","30.93522879414792","26.40580610641797"
"sunny-sweep-1013","2","false","1","4","0.999","1","0.940625","0.558139534883721","0.972972972972973","154.496602500587","152.45283658938845","40.35212561001866","37.39682249101913"
"jumping-sweep-733","2","true","2","4","0.5","0.1","0.940625","0.558139534883721","0.972972972972973","177.98771931390257","171.62538615678642","54.126028414624635","37.00885265399334"
"worldly-sweep-301","2","false","2","2","0.999","0.1","0.940625","0.558139534883721","0.972972972972973","154.22507463969902","152.18120990567294","39.91794178196392","37.13878880629171"
"dandy-sweep-381","2","true","2","3","0.5","10","0.940625","0.558139534883721","0.972972972972973","180.5122608570408","174.33694887717982","54.58582462916812","37.29877175545764"
"good-sweep-1057","2","false","2","4","1","0.1","0.940625","0.558139534883721","0.972972972972973","154.654879021199","152.61211998705264","40.55533197331811","37.51873664218736"
"dry-sweep-921","2","false","2","4","0.5","10","0.940625","0.558139534883721","0.972972972972973","267.68890011277495","263.32965959460313","84.02497407092402","65.60394312973008"
"graceful-sweep-93","2","true","2","2","0.99","10","0.940625","0.558139534883721","0.972972972972973","149.08475986362677","146.82399047387614","36.28460883113123","30.201723719025026"
"wise-sweep-197","2","false","2","2","0.5","1","0.940625","0.558139534883721","0.972972972972973","344.15125182503607","339.5263267498899","101.95328348194782","80.40355824228784"
"feasible-sweep-741","2","true","2","4","0.5","10","0.940625","0.558139534883721","0.972972972972973","177.98763527230034","171.625318708179","54.126006807509185","37.00884196307741"
"lively-sweep-449","2","true","2","3","0.99","1","0.940625","0.558139534883721","0.972972972972973","149.07415605705197","146.84511345478407","35.90971725848478","30.212860548872293"
"stellar-sweep-985","2","false","2","4","0.99","0.1","0.940625","0.558139534883721","0.972972972972973","152.9315956444044","150.86419532949137","39.19909062649055","36.05461659712176"
"crisp-sweep-273","2","false","2","2","0.99","10","0.940625","0.558139534883721","0.972972972972973","152.60106220121654","150.53083491825083","38.714263900257656","35.67699653156797"
"distinctive-sweep-1065","2","false","2","4","1","10","0.940625","0.558139534883721","0.972972972972973","154.6550260855671","152.61226477938894","40.55551474716886","37.51885306321991"
"vital-sweep-553","2","false","2","3","0.5","0.1","0.940625","0.558139534883721","0.972972972972973","308.2772010574478","303.9078557540456","93.56342619161882","73.71273730040201"
"colorful-sweep-337","2","false","2","2","1","0.1","0.940625","0.558139534883721","0.972972972972973","154.39079591275762","152.34814664791355","40.13904263420011","37.27292058447137"
"soft-sweep-201","2","false","2","2","0.5","10","0.940625","0.558139534883721","0.972972972972973","344.15119510031803","339.5262767388335","101.95326441989292","80.40354877060521"
"balmy-sweep-989","2","false","2","4","0.99","1","0.940625","0.558139534883721","0.972972972972973","152.931606504594","150.86420604283353","39.19910647074565","36.05462680766065"
"polar-sweep-409","2","true","2","3","0.98","0.1","0.940625","0.558139534883721","0.972972972972973","150.05517322891978","147.72644655196976","37.111423383464576","30.61410571301031"
"devoted-sweep-445","2","true","2","3","0.99","0.1","0.940625","0.558139534883721","0.972972972972973","149.07417812609182","146.84513564292172","35.90972122860292","30.21286379062424"
"tough-sweep-809","2","true","2","4","0.99","1","0.940625","0.558139534883721","0.972972972972973","148.96139557625168","146.77127941033248","35.340894206089","30.234879996746315"
"good-sweep-481","2","true","2","3","0.999","0.1","0.940625","0.558139534883721","0.972972972972973","148.4456134054946","146.25260840798938","35.35928620907039","29.979548165904493"
"leafy-sweep-953","2","false","2","4","0.98","1","0.940625","0.558139534883721","0.972972972972973","151.27821893498384","149.16584595596404","38.32377170524757","34.46730774742907"
"celestial-sweep-557","2","false","2","3","0.5","1","0.940625","0.558139534883721","0.972972972972973","308.27719446124917","303.90785046653576","93.56342338495716","73.7127362252345"
"warm-sweep-701","2","false","2","3","1","1","0.940625","0.558139534883721","0.972972972972973","154.4777964030016","152.43348122423933","40.34345663186183","37.35092411079768"
"fast-sweep-345","2","false","2","2","1","10","0.940625","0.558139534883721","0.972972972972973","154.39090311222293","152.34825103417492","40.13919686896625","37.27299495976854"
"gallant-sweep-805","2","true","2","4","0.99","0.1","0.940625","0.558139534883721","0.972972972972973","148.96141892091936","146.77130312578532","35.34089633172325","30.234883369962425"
"olive-sweep-85","2","true","2","2","0.99","0.1","0.940625","0.558139534883721","0.972972972972973","149.08493819545876","146.82416794354975","36.28463082623696","30.201752275420745"
"worldly-sweep-233","2","false","2","2","0.98","1","0.940625","0.558139534883721","0.972972972972973","150.954634566536","148.83640640676413","37.88260099272622","34.09738343441765"
"comfy-sweep-697","2","false","2","3","1","0.1","0.940625","0.558139534883721","0.972972972972973","154.4777846290473","152.4334696592236","40.343441275755154","37.35091492863227"
"morning-sweep-813","2","true","2","4","0.99","10","0.940625","0.558139534883721","0.972972972972973","148.9611622482727","146.7710423739925","35.34087296021439","30.23484628091888"
"cosmic-sweep-705","2","false","2","3","1","10","0.940625","0.558139534883721","0.972972972972973","154.47791411368053","152.43359684507456","40.343610153857256","37.35101590853736"
"jolly-sweep-373","2","true","2","3","0.5","0.1","0.940625","0.558139534883721","0.972972972972973","180.5123465072098","174.3370268521541","54.585846917115944","37.298783432508145"
"likely-sweep-521","2","true","2","3","1","1","0.940625","0.558139534883721","0.972972972972973","148.41217659921085","146.22254551054914","35.27433023016659","29.975346232856232"
"fancy-sweep-769","2","true","2","4","0.98","0.1","0.940625","0.558139534883721","0.972972972972973","149.92191511123022","147.66874335743404","36.565747061736936","30.686427407971525"
"blooming-sweep-669","2","false","2","3","0.999","10","0.940625","0.558139534883721","0.972972972972973","154.3147066839618","152.26930360261107","40.12747338770295","37.22218562154792"
"happy-sweep-229","2","false","2","2","0.98","0.1","0.940625","0.558139534883721","0.972972972972973","150.95462963313688","148.83640165576253","37.88259352240842","34.09737895440162"
"frosty-sweep-993","2","false","2","4","0.99","10","0.940625","0.558139534883721","0.972972972972973","152.9317150551149","150.8643131246215","39.199264835944824","36.054728862981705"
"earnest-sweep-633","2","false","2","3","0.99","10","0.940625","0.558139534883721","0.972972972972973","152.7188793613346","150.6486958936374","38.92630572533506","35.81624226812403"
"lunar-sweep-913","2","false","2","4","0.5","0.1","0.940625","0.558139534883721","0.972972972972973","267.6889747000421","263.3297136494173","84.02500651572132","65.60395523128066"
"rich-sweep-417","2","true","2","3","0.98","10","0.940625","0.558139534883721","0.972972972972973","150.0549178956057","147.72619732066144","37.11138062832124","30.614088250264174"
"electric-sweep-661","2","false","2","3","0.999","0.1","0.940625","0.558139534883721","0.972972972972973","154.31458059648168","152.26917973160045","40.127307674545705","37.222085956796946"
"usual-sweep-265","2","false","2","2","0.99","0.1","0.940625","0.558139534883721","0.972972972972973","152.6009838711222","150.53075884978878","38.71414802039836","35.67693401770969"
"fast-sweep-193","2","false","2","2","0.5","0.1","0.940625","0.558139534883721","0.972972972972973","344.15125748453386","339.5263317395497","101.95328538379032","80.40355918728817"
"fancy-sweep-773","2","true","2","4","0.98","1","0.940625","0.558139534883721","0.972972972972973","149.92189055830198","147.66871896319427","36.56574398263079","30.686423403022427"
"curious-sweep-885","2","true","2","4","1","10","0.940625","0.558139534883721","0.972972972972973","148.328051689903","146.15488948342335","34.82048116350201","29.99121061443405"
"electric-sweep-625","2","false","2","3","0.99","0.1","0.940625","0.558139534883721","0.972972972972973","152.71877781256794","150.64859601336798","38.92615597276449","35.81614659781822"
"misty-sweep-597","2","false","2","3","0.98","10","0.940625","0.558139534883721","0.972972972972973","151.07076665748954","148.95441213869472","38.06455109100996","34.2296115649652"
"lucky-sweep-269","2","false","2","2","0.99","1","0.940625","0.558139534883721","0.972972972972973","152.60099099508787","150.5307657681392","38.714158559582515","35.67693970332543"
"dulcet-sweep-561","2","false","2","3","0.5","10","0.940625","0.558139534883721","0.972972972972973","308.27712834801775","303.9077974701054","93.5633952539331","73.71272544888507"
"ethereal-sweep-129","2","true","2","2","0.999","10","0.940625","0.558139534883721","0.972972972972973","148.42499822122187","146.21955122560712","35.60895191002132","29.976617955897904"
"avid-sweep-737","2","true","2","4","0.5","1","0.940625","0.558139534883721","0.972972972972973","177.98771168964404","171.6253800378572","54.126026454430445","37.00885168411455"
"dauntless-sweep-341","2","false","2","2","1","1","0.940625","0.558139534883721","0.972972972972973","154.39080566031603","152.34815613974973","40.139056658752246","37.27292734745619"
"apricot-sweep-593","2","false","2","3","0.98","1","0.940625","0.558139534883721","0.972972972972973","151.07069944591592","148.9543461573155","38.06446140632194","34.22954057441328"
"crisp-sweep-1029","2","false","2","4","0.999","10","0.940625","0.558139534883721","0.972972972972973","154.49673330595286","152.45296540237484","40.35228756130073","37.39692734621816"
"fearless-sweep-917","2","false","2","4","0.5","1","0.940625","0.558139534883721","0.972972972972973","267.68896793348597","263.32970874557344","84.02500357233494","65.60395413343022"
"lyric-sweep-305","2","false","2","2","0.999","1","0.940625","0.558139534883721","0.972972972972973","154.22508402723508","152.18121904491204","39.91795523004566","37.138795391332955"
"fresh-sweep-877","2","true","2","4","1","0.1","0.940625","0.558139534883721","0.972972972972973","148.32829353721246","146.1551410747225","34.820432159762504","29.99122214515685"
"earnest-sweep-485","2","true","2","3","0.999","1","0.940625","0.558139534883721","0.972972972972973","148.44559265337654","146.25258695052776","35.35928857254307","29.97954662226206"
"atomic-sweep-629","2","false","2","3","0.99","1","0.940625","0.558139534883721","0.972972972972973","152.71878704824312","150.6486050973798","38.92616959267651","35.81615529900194"
"major-sweep-489","2","true","2","3","0.999","10","0.940625","0.558139534883721","0.972972972972973","148.44538505724668","146.25237229590806","35.35931221724759","29.979531179962372"
"logical-sweep-777","2","true","2","4","0.98","10","0.940625","0.558139534883721","0.972972972972973","149.92164503459873","147.66847502413626","36.56571319178288","30.686383353529088"
"sleek-sweep-841","2","true","2","4","0.999","0.1","0.940625","0.558139534883721","0.972972972972973","148.36023857288748","146.18581523111462","34.87411715728878","29.995919184219808"
"vocal-sweep-309","2","false","2","2","0.999","10","0.940625","0.558139534883721","0.972972972972973","154.2251779401683","152.18131047300645","39.91808976341188","37.13886126699414"
"fresh-sweep-161","2","true","2","2","1","1","0.940625","0.558139534883721","0.972972972972973","148.3940688814165","146.19479864031518","35.47656879799059","29.97355800060126"
"distinctive-sweep-121","2","true","2","2","0.999","0.1","0.940625","0.558139534883721","0.972972972972973","148.42516331181733","146.21972282522538","35.60891680271356","29.976631419335945"
"upbeat-sweep-845","2","true","2","4","0.999","1","0.940625","0.558139534883721","0.972972972972973","148.36021650532362","146.18579232263136","34.874121371292055","29.995918132991292"
"stilted-sweep-157","2","true","2","2","1","0.1","0.940625","0.558139534883721","0.972972972972973","148.3940838110055","146.19481422775382","35.476565014062565","29.973559061684075"
"eager-sweep-849","2","true","2","4","0.999","10","0.940625","0.558139534883721","0.972972972972973","148.35999574989424","146.18556315237302","34.87416352824907","29.99590761670373"
"devout-sweep-949","2","false","2","4","0.98","0.1","0.940625","0.558139534883721","0.972972972972973","151.2782107179431","149.16583785418712","38.323760993105786","34.46729941988215"
"mild-sweep-881","2","true","2","4","1","1","0.940625","0.558139534883721","0.972972972972973","148.32827154546044","146.15511819716426","34.82043661562601","29.991221096659302"
"copper-sweep-21","2","true","2","2","0.5","10","0.940625","0.558139534883721","0.972972972972973","182.82829529677417","176.52575368848258","55.19321589583864","37.70995722629688"
"breezy-sweep-1061","2","false","2","4","1","1","0.940625","0.558139534883721","0.972972972972973","154.6548923936709","152.61213315302186","40.5553485929748","37.51874722842211"
"genial-sweep-1025","2","false","2","4","0.999","1","0.940625","0.558139534883721","0.972972972972973","154.496602500587","152.45283658938845","40.35212561001866","37.39682249101913"
"astral-sweep-525","2","true","2","3","1","10","0.940625","0.558139534883721","0.972972972972973","148.41196993710062","146.22233123096422","35.27436978645972","29.975336578242885"
"dandy-sweep-453","2","true","2","3","0.99","10","0.940625","0.558139534883721","0.972972972972973","149.07393547893827","146.8448916840017","35.909677576921624","30.212828147067057"
"cerulean-sweep-589","2","false","2","3","0.98","0.1","0.940625","0.558139534883721","0.972972972972973","151.07069272486797","148.9543395591981","38.06445243779685","34.2295334753022"
"ruby-sweep-13","2","true","2","2","0.5","0.1","0.940625","0.558139534883721","0.972972972972973","182.8283783763194","176.52583380596337","55.193232977546295","37.70996933494657"
"apricot-sweep-89","2","true","2","2","0.99","1","0.940625","0.558139534883721","0.972972972972973","149.08492197593617","146.8241518026175","36.28462828453832","30.2017496782334"
"dark-sweep-165","2","true","2","2","1","10","0.940625","0.558139534883721","0.972972972972973","148.39391962809998","146.19464280819895","35.47660662879412","29.97354739260346"
"valiant-sweep-49","2","true","2","2","0.98","0.1","0.940625","0.558139534883721","0.972972972972973","150.1585994595206","147.77739174205834","37.46977814051229","30.620405278059547"
"worldly-sweep-517","2","true","2","3","1","0.1","0.940625","0.558139534883721","0.972972972972973","148.41219727125494","146.2225669443026","35.27432627361788","29.975347198577783"
"trim-sweep-377","2","true","2","3","0.5","1","0.940625","0.558139534883721","0.972972972972973","180.51233873702068","174.33701977826792","54.585844895159624","37.29878237316884"
"earnest-sweep-665","2","false","2","3","0.999","1","0.940625","0.558139534883721","0.972972972972973","154.3145920548339","152.26919098861595","40.127322734062304","37.22209501407959"
"cosmic-sweep-413","2","true","2","3","0.98","1","0.940625","0.558139534883721","0.972972972972973","150.0551500163138","147.72642389429384","37.11141949663662","30.614104125517738"
"hopeful-sweep-237","2","false","2","2","0.98","10","0.940625","0.558139534883721","0.972972972972973","150.95468390144774","148.8364539168806","37.882675695684824","34.09742823419685"
"balmy-sweep-1021","2","false","2","4","0.999","0.1","0.940625","0.558139534883721","0.972972972972973","154.49658942525073","152.45282371311063","40.35210942116919","37.396812009510874"
"super-sweep-57","2","true","2","2","0.98","10","0.940625","0.558139534883721","0.972972972972973","150.15840934204692","147.77721043992992","37.46973586267023","30.62039097949709"
"pious-sweep-125","2","true","2","2","0.999","1","0.940625","0.558139534883721","0.972972972972973","148.42514830846744","146.21970723053445","35.6089199930605","29.97663019580838"
"zesty-sweep-17","2","true","2","2","0.5","1","0.940625","0.558139534883721","0.972972972972973","182.828370839337","176.52582653770682","55.19323142789537","37.70996823645161"
"usual-sweep-957","2","false","2","4","0.98","10","0.940625","0.558139534883721","0.972972972972973","151.27830110665104","149.1659269740731","38.32387882598229","34.46739102230394"
"visionary-sweep-53","2","true","2","2","0.98","1","0.940625","0.558139534883721","0.972972972972973","150.15858217571744","147.77737525982783","37.469774297031634","30.62040397820566"
"copper-sweep-893","2","true","3","4","1","1","0.940625","0.558139534883721","0.972972972972973","143.8698629004927","141.66885890453386","33.51236175048874","30.27054644432606"
"autumn-sweep-349","2","false","3","2","1","0.1","0.940625","0.558139534883721","0.972972972972973","154.39079591275762","152.34814664791355","40.13904263420011","37.27292058447137"
"splendid-sweep-853","2","true","3","4","0.999","0.1","0.940625","0.558139534883721","0.972972972972973","143.83522050790958","141.63483937144582","33.448566509506584","30.27853443507802"
"breezy-sweep-493","2","true","3","3","0.999","0.1","0.940625","0.558139534883721","0.972972972972973","143.79957312313005","141.5999943725096","33.341973768714446","30.24501197131616"
"firm-sweep-537","2","true","3","3","1","10","0.940625","0.558139534883721","0.972972972972973","143.83363498471508","141.6334248630333","33.410808592181446","30.23632918098053"
"bumbling-sweep-321","2","false","3","2","0.999","10","0.940625","0.558139534883721","0.972972972972973","154.2251779401683","152.18131047300645","39.91808976341188","37.13886126699414"
"silvery-sweep-1037","2","false","3","4","0.999","1","0.940625","0.558139534883721","0.972972972972973","154.496602500587","152.45283658938845","40.35212561001866","37.39682249101913"
"royal-sweep-353","2","false","3","2","1","1","0.940625","0.558139534883721","0.972972972972973","154.39080566031603","152.34815613974973","40.139056658752246","37.27292734745619"
"twilight-sweep-961","2","false","3","4","0.98","0.1","0.940625","0.558139534883721","0.972972972972973","151.2782107179431","149.16583785418712","38.323760993105786","34.46729941988215"
"kind-sweep-641","2","false","3","3","0.99","1","0.940625","0.558139534883721","0.972972972972973","152.71878704824312","150.6486050973798","38.92616959267651","35.81615529900194"
"ancient-sweep-753","2","true","3","4","0.5","10","0.940625","0.558139534883721","0.972972972972973","171.02851042686228","167.44064079850455","52.501355489832704","38.37532837221022"
"driven-sweep-101","2","true","3","2","0.99","1","0.940625","0.558139534883721","0.972972972972973","143.50264743723636","141.2958483773257","33.70435786399194","30.4606825178306"
"smart-sweep-1069","2","false","3","4","1","0.1","0.940625","0.558139534883721","0.972972972972973","154.654879021199","152.61211998705264","40.55533197331811","37.51873664218736"
"eternal-sweep-717","2","false","3","3","1","10","0.940625","0.558139534883721","0.972972972972973","154.47791411368053","152.43359684507456","40.343610153857256","37.35101590853736"
"hearty-sweep-249","2","false","3","2","0.98","10","0.940625","0.558139534883721","0.972972972972973","150.95468390144774","148.8364539168806","37.882675695684824","34.09742823419685"
"misunderstood-sweep-1001","2","false","3","4","0.99","1","0.940625","0.558139534883721","0.972972972972973","152.931606504594","150.86420604283353","39.19910647074565","36.05462680766065"
"faithful-sweep-313","2","false","3","2","0.999","0.1","0.940625","0.558139534883721","0.972972972972973","154.22507463969902","152.18120990567294","39.91794178196392","37.13878880629171"
"floral-sweep-565","2","false","3","3","0.5","0.1","0.940625","0.558139534883721","0.972972972972973","308.2772010574478","303.9078557540456","93.56342619161882","73.71273730040201"
"fragrant-sweep-497","2","true","3","3","0.999","1","0.940625","0.558139534883721","0.972972972972973","143.7995759549426","141.59999686893903","33.341980008407475","30.245012939716"
"wise-sweep-357","2","false","3","2","1","10","0.940625","0.558139534883721","0.972972972972973","154.39090311222293","152.34825103417492","40.13919686896625","37.27299495976854"
"gallant-sweep-29","2","true","3","2","0.5","1","0.940625","0.558139534883721","0.972972972972973","180.9225234210488","177.05338278642105","56.61265217651526","41.618253736352"
"dandy-sweep-205","2","false","3","2","0.5","0.1","0.940625","0.558139534883721","0.972972972972973","344.15125748453386","339.5263317395497","101.95328538379032","80.40355918728817"
"copper-sweep-209","2","false","3","2","0.5","1","0.940625","0.558139534883721","0.972972972972973","344.15125182503607","339.5263267498899","101.95328348194782","80.40355824228784"
"winter-sweep-889","2","true","3","4","1","0.1","0.940625","0.558139534883721","0.972972972972973","143.86985920481817","141.66885556408923","33.512354978869226","30.270544643240054"
"trim-sweep-929","2","false","3","4","0.5","1","0.940625","0.558139534883721","0.972972972972973","267.68896793348597","263.32970874557344","84.02500357233494","65.60395413343022"
"playful-sweep-609","2","false","3","3","0.98","10","0.940625","0.558139534883721","0.972972972972973","151.07076665748954","148.95441213869472","38.06455109100996","34.2296115649652"
"quiet-sweep-677","2","false","3","3","0.999","1","0.940625","0.558139534883721","0.972972972972973","154.3145920548339","152.26919098861595","40.127322734062304","37.22209501407959"
"cosmic-sweep-825","2","true","3","4","0.99","10","0.940625","0.558139534883721","0.972972972972973","143.5302704868337","141.3210073244607","33.856279811996146","30.461171006750497"
"distinctive-sweep-605","2","false","3","3","0.98","1","0.940625","0.558139534883721","0.972972972972973","151.07069944591592","148.9543461573155","38.06446140632194","34.22954057441328"
"jolly-sweep-61","2","true","3","2","0.98","0.1","0.940625","0.558139534883721","0.972972972972973","143.36009939480243","141.11756324838302","34.78793751612364","30.698629629087197"
"fearless-sweep-681","2","false","3","3","0.999","10","0.940625","0.558139534883721","0.972972972972973","154.3147066839618","152.26930360261107","40.12747338770295","37.22218562154792"
"bumbling-sweep-421","2","true","3","3","0.98","0.1","0.940625","0.558139534883721","0.972972972972973","143.3362553468798","141.0934932916437","34.84133594973102","30.687923837709807"
"apricot-sweep-645","2","false","3","3","0.99","10","0.940625","0.558139534883721","0.972972972972973","152.7188793613346","150.6486958936374","38.92630572533506","35.81624226812403"
"wise-sweep-529","2","true","3","3","1","0.1","0.940625","0.558139534883721","0.972972972972973","143.83360201055103","141.63339568160603","33.41073225421192","30.236313462643263"
"jumping-sweep-501","2","true","3","3","0.999","10","0.940625","0.558139534883721","0.972972972972973","143.7996042861404","141.60002184388685","33.34204242972446","30.24502262709664"
"peachy-sweep-429","2","true","3","3","0.98","10","0.940625","0.558139534883721","0.972972972972973","143.3362509426299","141.09348655062712","34.84135296507884","30.687918454641185"
"fast-sweep-789","2","true","3","4","0.98","10","0.940625","0.558139534883721","0.972972972972973","143.33602268640493","141.09381370877753","34.90709153831004","30.710633562548857"
"hardy-sweep-173","2","true","3","2","1","1","0.940625","0.558139534883721","0.972972972972973","143.8270738382","141.63024010822798","33.2623019500328","30.234174090174573"
"driven-sweep-781","2","true","3","4","0.98","0.1","0.940625","0.558139534883721","0.972972972972973","143.33602212950288","141.0938156474517","34.90707091009946","30.710637347957025"
"misty-sweep-241","2","false","3","2","0.98","0.1","0.940625","0.558139534883721","0.972972972972973","150.95462963313688","148.83640165576253","37.88259352240842","34.09737895440162"
"cosmic-sweep-281","2","false","3","2","0.99","1","0.940625","0.558139534883721","0.972972972972973","152.60099099508787","150.5307657681392","38.714158559582515","35.67693970332543"
"exalted-sweep-457","2","true","3","3","0.99","0.1","0.940625","0.558139534883721","0.972972972972973","143.5037970161789","141.294899533433","33.7829572247894","30.447280000361168"
"gallant-sweep-709","2","false","3","3","1","0.1","0.940625","0.558139534883721","0.972972972972973","154.4777846290473","152.4334696592236","40.343441275755154","37.35091492863227"
"comfy-sweep-1073","2","false","3","4","1","1","0.940625","0.558139534883721","0.972972972972973","154.6548923936709","152.61213315302186","40.5553485929748","37.51874722842211"
"electric-sweep-133","2","true","3","2","0.999","0.1","0.940625","0.558139534883721","0.972972972972973","143.79360886786202","141.5973213099829","33.19355590471839","30.246161200276223"
"wise-sweep-997","2","false","3","4","0.99","0.1","0.940625","0.558139534883721","0.972972972972973","152.9315956444044","150.86419532949137","39.19909062649055","36.05461659712176"
"dulcet-sweep-817","2","true","3","4","0.99","0.1","0.940625","0.558139534883721","0.972972972972973","143.530249822843","141.3209897862121","33.85621693115134","30.461170278720168"
"dashing-sweep-97","2","true","3","2","0.99","0.1","0.940625","0.558139534883721","0.972972972972973","143.50264634975946","141.29584758145475","33.70435443665243","30.460683599532903"
"trim-sweep-277","2","false","3","2","0.99","0.1","0.940625","0.558139534883721","0.972972972972973","152.6009838711222","150.53075884978878","38.71414802039836","35.67693401770969"
"daily-sweep-393","2","true","3","3","0.5","10","0.940625","0.558139534883721","0.972972972972973","175.7773684813978","172.0807350770094","53.913793044104175","39.44475792480565"
"peachy-sweep-713","2","false","3","3","1","1","0.940625","0.558139534883721","0.972972972972973","154.4777964030016","152.43348122423933","40.34345663186183","37.35092411079768"
"splendid-sweep-177","2","true","3","2","1","10","0.940625","0.558139534883721","0.972972972972973","143.82709921046228","141.63026174548696","33.26236700758252","30.234178213938595"
"pleasant-sweep-141","2","true","3","2","0.999","10","0.940625","0.558139534883721","0.972972972972973","143.79363514589514","141.59734359910996","33.19362063254526","30.246162016711253"
"brisk-sweep-897","2","true","3","4","1","10","0.940625","0.558139534883721","0.972972972972973","143.86989985020563","141.66889230168326","33.51242944950027","30.270564450183073"
"wobbly-sweep-965","2","false","3","4","0.98","1","0.940625","0.558139534883721","0.972972972972973","151.27821893498384","149.16584595596404","38.32377170524757","34.46730774742907"
"happy-sweep-69","2","true","3","2","0.98","10","0.940625","0.558139534883721","0.972972972972973","143.36009651016613","141.11755775996556","34.787959841659216","30.69862203578556"
"stellar-sweep-65","2","true","3","2","0.98","1","0.940625","0.558139534883721","0.972972972972973","143.36009913242927","141.11756274938585","34.78793954572293","30.69862893880222"
"sandy-sweep-969","2","false","3","4","0.98","10","0.940625","0.558139534883721","0.972972972972973","151.27830110665104","149.1659269740731","38.32387882598229","34.46739102230394"
"vivid-sweep-637","2","false","3","3","0.99","0.1","0.940625","0.558139534883721","0.972972972972973","152.71877781256794","150.64859601336798","38.92615597276449","35.81614659781822"
"likely-sweep-925","2","false","3","4","0.5","0.1","0.940625","0.558139534883721","0.972972972972973","267.6889747000421","263.3297136494173","84.02500651572132","65.60395523128066"
"stilted-sweep-465","2","true","3","3","0.99","10","0.940625","0.558139534883721","0.972972972972973","143.50381113906695","141.29491069638155","33.78299222432245","30.44726943928236"
"graceful-sweep-1077","2","false","3","4","1","10","0.940625","0.558139534883721","0.972972972972973","154.6550260855671","152.61226477938894","40.55551474716886","37.51885306321991"
"volcanic-sweep-137","2","true","3","2","0.999","1","0.940625","0.558139534883721","0.972972972972973","143.79361125578163","141.59732333549525","33.19356178695053","30.246161274489623"
"vivid-sweep-1041","2","false","3","4","0.999","10","0.940625","0.558139534883721","0.972972972972973","154.49673330595286","152.45296540237484","40.35228756130073","37.39692734621816"
"glorious-sweep-425","2","true","3","3","0.98","1","0.940625","0.558139534883721","0.972972972972973","143.33625494632696","141.09349267874927","34.84133749661966","30.68792334837226"
"prime-sweep-317","2","false","3","2","0.999","1","0.940625","0.558139534883721","0.972972972972973","154.22508402723508","152.18121904491204","39.91795523004566","37.138795391332955"
"eager-sweep-569","2","false","3","3","0.5","1","0.940625","0.558139534883721","0.972972972972973","308.27719446124917","303.90785046653576","93.56342338495716","73.7127362252345"
"rosy-sweep-533","2","true","3","3","1","1","0.940625","0.558139534883721","0.972972972972973","143.83360500870612","141.63339833498915","33.41073919561515","30.236314891947085"
"feasible-sweep-105","2","true","3","2","0.99","10","0.940625","0.558139534883721","0.972972972972973","143.5026583082745","141.29585633274945","33.70439212082501","30.460671705902953"
"dashing-sweep-857","2","true","3","4","0.999","1","0.940625","0.558139534883721","0.972972972972973","143.83522403170528","141.6348425483192","33.4485731078302","30.278536248818348"
"northern-sweep-213","2","false","3","2","0.5","10","0.940625","0.558139534883721","0.972972972972973","344.15119510031803","339.5262767388335","101.95326441989292","80.40354877060521"
"trim-sweep-245","2","false","3","2","0.98","1","0.940625","0.558139534883721","0.972972972972973","150.954634566536","148.83640640676413","37.88260099272622","34.09738343441765"
"daily-sweep-749","2","true","3","4","0.5","1","0.940625","0.558139534883721","0.972972972972973","171.02862102606204","167.44074653362077","52.501374364539544","38.375341903947216"
"stilted-sweep-169","2","true","3","2","1","0.1","0.940625","0.558139534883721","0.972972972972973","143.82707130049383","141.63023794401468","33.26229544266882","30.234173677672196"
"frosty-sweep-933","2","false","3","4","0.5","10","0.940625","0.558139534883721","0.972972972972973","267.68890011277495","263.32965959460313","84.02497407092402","65.60394312973008"
"clean-sweep-673","2","false","3","3","0.999","0.1","0.940625","0.558139534883721","0.972972972972973","154.31458059648168","152.26917973160045","40.127307674545705","37.222085956796946"
"dashing-sweep-389","2","true","3","3","0.5","1","0.940625","0.558139534883721","0.972972972972973","175.77747507143397","172.08083738641548","53.913820049654746","39.444781514510105"
"worldly-sweep-745","2","true","3","4","0.5","0.1","0.940625","0.558139534883721","0.972972972972973","171.02863206071123","167.4407570829687","52.50137624769606","38.3753432540293"
"faithful-sweep-573","2","false","3","3","0.5","10","0.940625","0.558139534883721","0.972972972972973","308.27712834801775","303.9077974701054","93.5633952539331","73.71272544888507"
"laced-sweep-821","2","true","3","4","0.99","1","0.940625","0.558139534883721","0.972972972972973","143.5302517020151","141.32099138120145","33.85622265015869","30.461170344973063"
"helpful-sweep-285","2","false","3","2","0.99","10","0.940625","0.558139534883721","0.972972972972973","152.60106220121654","150.53083491825083","38.714263900257656","35.67699653156797"
"peach-sweep-33","2","true","3","2","0.5","10","0.940625","0.558139534883721","0.972972972972973","180.92242564477843","177.0532889693732","56.612616123985035","41.61822006153155"
"flowing-sweep-601","2","false","3","3","0.98","0.1","0.940625","0.558139534883721","0.972972972972973","151.07069272486797","148.9543395591981","38.06445243779685","34.2295334753022"
"spring-sweep-785","2","true","3","4","0.98","1","0.940625","0.558139534883721","0.972972972972973","143.336022179945","141.09381547111883","34.90707278544708","30.7106370038689"
"iconic-sweep-25","2","true","3","2","0.5","0.1","0.940625","0.558139534883721","0.972972972972973","180.922533176324","177.05339214667464","56.61265577351665","41.61825709612737"
"rural-sweep-385","2","true","3","3","0.5","0.1","0.940625","0.558139534883721","0.972972972972973","175.7774857060712","172.0808475939635","53.913822744027115","39.444783868079746"
"skilled-sweep-1005","2","false","3","4","0.99","10","0.940625","0.558139534883721","0.972972972972973","152.9317150551149","150.8643131246215","39.199264835944824","36.054728862981705"
"celestial-sweep-1033","2","false","3","4","0.999","0.1","0.940625","0.558139534883721","0.972972972972973","154.49658942525073","152.45282371311063","40.35210942116919","37.396812009510874"
"classic-sweep-861","2","true","3","4","0.999","10","0.940625","0.558139534883721","0.972972972972973","143.8352592857064","141.63487433058685","33.44863911672144","30.27855439284984"
"dauntless-sweep-461","2","true","3","3","0.99","1","0.940625","0.558139534883721","0.972972972972973","143.50379830046668","141.29490054861347","33.782960407998495","30.447279039869688"